antecedents,consequents,antecedent support,consequent support,support,confidence,lift,representativity,leverage,conviction,zhangs_metric,jaccard,certainty,kulczynski
frozenset({'Keras'}),frozenset({'Scikit-learn'}),0.203,0.398,0.0875,0.4310344827586206,1.0830012129613582,1.0,0.00670599999999999,1.0580606060606057,0.09616060225846912,0.17039922103213243,0.054874556077442835,0.3254418644948882
frozenset({'Reinforcement Learning'}),frozenset({'TensorFlow'}),0.207,0.4125,0.09,0.43478260869565216,1.0540184453227932,1.0,0.0046125000000000055,1.0394230769230768,0.06462799495586388,0.16997167138810199,0.03792784458834414,0.3264822134387352
frozenset({'Hugging Face'}),frozenset({'LangChain'}),0.204,0.405,0.087,0.4264705882352941,1.0530137981118373,1.0,0.004379999999999995,1.0374358974358975,0.06324727083694327,0.16666666666666666,0.036085022244191724,0.3206427015250545
